"","mean","sd","rhat"
"lp__",-106.35432275,2.46675668368223,1.00042205272527
"k_cDD",0.227088353875,0.0278124451504758,1.00010551687141
"degDD",0.04071915041875,0.00776215101063886,1.00015931081395
"hillDD",0.004657860351875,0.00112017246809371,1.00021106193187
"k_inter",0.06488664819375,0.0256800120543016,1.00015085931774
"maxdeath",1.0587016043375,0.954633732897063,1.00019676203422
"k_hillnec",4.189627975,0.242282720167638,1.00048697994439
"p",0.813650971375,0.0722894073075794,1.00033485220257
"h",30.845169625,3.10062285158911,1.00007306266152
"nu_DD",2.629481260625,0.649445873444903,1.00027144605202
"nu_NEC",6.250827716875,1.88668493613814,1.00059008857928
"sol7[1,1]",5.93242,0,NA
"sol7[2,1]",4.994,0,NA
"sol7[3,1]",4.18045,0,NA
"sol7[4,1]",3.7984,0,NA
"sol7[5,1]",3.4906,0,NA
"sol7[6,1]",2.90568,0,NA
"sol7[7,1]",2.40976,0,NA
"sol7[8,1]",2.32002,0,NA
"sol7[9,1]",1.98931,0,NA
"sol7[10,1]",1.63289,0,NA
"sol7[11,1]",1.33077,0,NA
"sol7[12,1]",1.0747,0,NA
"sol7[13,1]",0.857699,0,NA
"sol7[14,1]",0.755848,0,NA
"sol7[15,1]",0.673827,0,NA
"sol7[16,1]",0.518055,0,NA
"sol7[17,1]",0.386119,0,NA
"sol7[18,1]",0.274398,0,NA
"sol7[19,1]",0.179821,0,NA
"sol7[20,1]",0.109699,0,NA
"sol7[21,1]",0.0997852,0,NA
"sol7[22,1]",0.0320811,0,NA
"sol7[23,1]",-0.0251609,0,NA
"sol7[24,1]",-0.0735316,0,NA
"sol7[25,1]",-0.11438,0,NA
"sol7[26,1]",-0.148847,0,NA
"sol7[27,1]",-0.177903,0,NA
"sol7[28,1]",-0.202369,0,NA
"sol7[29,1]",-0.222943,0,NA
"sol7[30,1]",-0.240216,0,NA
"sol7[31,1]",-0.254692,0,NA
"sol7[32,1]",-0.266795,0,NA
"sol7[33,1]",-0.29539,0,NA
"sol7[34,1]",-0.300525,0,NA
"sol7[35,1]",-0.302017,0,NA
"sol7[36,1]",-0.304708,0,NA
"sol7[37,1]",-0.308086,0,NA
"sol7[38,1]",-0.310778,0,NA
"sol7[39,1]",-0.312891,0,NA
"sol7[40,1]",-0.314514,0,NA
"sol7[41,1]",-0.315722,0,NA
"sol7[42,1]",-0.316577,0,NA
"sol7[43,1]",-0.317134,0,NA
"sol7[44,1]",-0.317439,0,NA
"sol7[45,1]",-0.317531,0,NA
"sol7[46,1]",-0.317443,0,NA
"sol7[47,1]",-0.317203,0,NA
"sol7[48,1]",-0.316833,0,NA
"sol7[49,1]",-0.314909,0,NA
"sol7[1,2]",12.0385,0,NA
"sol7[2,2]",11.9985,0,NA
"sol7[3,2]",11.9583,0,NA
"sol7[4,2]",11.9369,0,NA
"sol7[5,2]",11.9182,0,NA
"sol7[6,2]",11.878,0,NA
"sol7[7,2]",11.8378,0,NA
"sol7[8,2]",11.8298,0,NA
"sol7[9,2]",11.7977,0,NA
"sol7[10,2]",11.7576,0,NA
"sol7[11,2]",11.7175,0,NA
"sol7[12,2]",11.6775,0,NA
"sol7[13,2]",11.6376,0,NA
"sol7[14,2]",11.6164,0,NA
"sol7[15,2]",11.5978,0,NA
"sol7[16,2]",11.5581,0,NA
"sol7[17,2]",11.5185,0,NA
"sol7[18,2]",11.479,0,NA
"sol7[19,2]",11.4396,0,NA
"sol7[20,2]",11.4055,0,NA
"sol7[21,2]",11.4003,0,NA
"sol7[22,2]",11.3611,0,NA
"sol7[23,2]",11.3221,0,NA
"sol7[24,2]",11.2831,0,NA
"sol7[25,2]",11.2443,0,NA
"sol7[26,2]",11.2056,0,NA
"sol7[27,2]",11.1671,0,NA
"sol7[28,2]",11.1286,0,NA
"sol7[29,2]",11.0903,0,NA
"sol7[30,2]",11.0522,0,NA
"sol7[31,2]",11.0141,0,NA
"sol7[32,2]",10.9762,0,NA
"sol7[33,2]",10.8432,0,NA
"sol7[34,2]",10.8059,0,NA
"sol7[35,2]",10.7934,0,NA
"sol7[36,2]",10.7686,0,NA
"sol7[37,2]",10.7316,0,NA
"sol7[38,2]",10.6946,0,NA
"sol7[39,2]",10.6577,0,NA
"sol7[40,2]",10.621,0,NA
"sol7[41,2]",10.5844,0,NA
"sol7[42,2]",10.548,0,NA
"sol7[43,2]",10.5117,0,NA
"sol7[44,2]",10.4754,0,NA
"sol7[45,2]",10.4394,0,NA
"sol7[46,2]",10.4034,0,NA
"sol7[47,2]",10.3676,0,NA
"sol7[48,2]",10.3318,0,NA
"sol7[49,2]",10.2137,0,NA
"sol7[1,3]",0.0337196,0,NA
"sol7[2,3]",0.0410637,0,NA
"sol7[3,3]",0.0350941,0,NA
"sol7[4,3]",0.0322886,0,NA
"sol7[5,3]",0.030028,0,NA
"sol7[6,3]",0.0257304,0,NA
"sol7[7,3]",0.0220851,0,NA
"sol7[8,3]",0.0214246,0,NA
"sol7[9,3]",0.0189922,0,NA
"sol7[10,3]",0.0163671,0,NA
"sol7[11,3]",0.0141392,0,NA
"sol7[12,3]",0.0122501,0,NA
"sol7[13,3]",0.0106473,0,NA
"sol7[14,3]",0.00989195,0,NA
"sol7[15,3]",0.00928565,0,NA
"sol7[16,3]",0.00812912,0,NA
"sol7[17,3]",0.00714883,0,NA
"sol7[18,3]",0.00631684,0,NA
"sol7[19,3]",0.00560976,0,NA
"sol7[20,3]",0.00508288,0,NA
"sol7[21,3]",0.00500876,0,NA
"sol7[22,3]",0.00449742,0,NA
"sol7[23,3]",0.00406424,0,NA
"sol7[24,3]",0.0036961,0,NA
"sol7[25,3]",0.00338232,0,NA
"sol7[26,3]",0.00311526,0,NA
"sol7[27,3]",0.00288747,0,NA
"sol7[28,3]",0.00269443,0,NA
"sol7[29,3]",0.0025297,0,NA
"sol7[30,3]",0.00238897,0,NA
"sol7[31,3]",0.00226821,0,NA
"sol7[32,3]",0.00216532,0,NA
"sol7[33,3]",0.0019066,0,NA
"sol7[34,3]",0.00185517,0,NA
"sol7[35,3]",0.00183987,0,NA
"sol7[36,3]",0.00181033,0,NA
"sol7[37,3]",0.00177071,0,NA
"sol7[38,3]",0.00173766,0,NA
"sol7[39,3]",0.00170903,0,NA
"sol7[40,3]",0.00168347,0,NA
"sol7[41,3]",0.00165982,0,NA
"sol7[42,3]",0.00164031,0,NA
"sol7[43,3]",0.00162265,0,NA
"sol7[44,3]",0.00160724,0,NA
"sol7[45,3]",0.00159279,0,NA
"sol7[46,3]",0.00157967,0,NA
"sol7[47,3]",0.00156795,0,NA
"sol7[48,3]",0.00155756,0,NA
"sol7[49,3]",0.00152706,0,NA
"sol7[1,4]",0.00026237387035625,0.000103156130462247,1.00015054895868
"sol7[2,4]",0.004187675146875,0.00154306274284676,1.00014932577968
"sol7[3,4]",0.007243260443125,0.00248561158875392,1.00014756609627
"sol7[4,4]",0.008526399905,0.0028132765524642,1.00014665597522
"sol7[5,4]",0.009479207385625,0.00301970850214787,1.00014562247219
"sol7[6,4]",0.01106180354,0.0032598531072093,1.00014242464013
"sol7[7,4]",0.012126510903125,0.00329274691652897,1.00013856652064
"sol7[8,4]",0.01228739764875,0.00328052476845872,1.00013793439165
"sol7[9,4]",0.012783484985,0.00318373660264162,1.00013419923564
"sol7[10,4]",0.013122097165625,0.00298177125799424,1.00012839379992
"sol7[11,4]",0.013214667784375,0.00272325086914535,1.00011538587207
"sol7[12,4]",0.013119538946875,0.00243500726262557,1.00012563825772
"sol7[13,4]",0.01288366568125,0.00213665866092523,1.00014122276168
"sol7[14,4]",0.012713650490625,0.00197850151645577,1.00015225042301
"sol7[15,4]",0.012544666128125,0.00184243611668405,1.00018151868454
"sol7[16,4]",0.012132505455,0.00156264968396824,1.00014585968644
"sol7[17,4]",0.01167091951,0.00130493693327938,1.00014099761916
"sol7[18,4]",0.011178629530625,0.00107538247460284,1.00019112477283
"sol7[19,4]",0.010670250525,0.000879529984916246,1.00026640001742
"sol7[20,4]",0.01022543794875,0.000741534797472645,1.00020745100495
"sol7[21,4]",0.01015706303625,0.000723192237816091,1.00014442530116
"sol7[22,4]",0.009647672383125,0.000612292740933924,1.00014555808484
"sol7[23,4]",0.009148504129375,0.000550196089575166,1.00023234158186
"sol7[24,4]",0.008664295860625,0.000532949175299883,1.00013109121061
"sol7[25,4]",0.0081984025275,0.000548367186479313,1.00022266170353
"sol7[26,4]",0.007753072425,0.000581873201289781,1.00016537173953
"sol7[27,4]",0.007329707585,0.000622099630929478,1.00008445905518
"sol7[28,4]",0.006929021238125,0.000662069415449867,1.00001570981381
"sol7[29,4]",0.006551240415625,0.000698059347469447,0.999948339987913
"sol7[30,4]",0.006196184181875,0.000728341805477762,1.00006086868243
"sol7[31,4]",0.005863381564375,0.000752315604325424,1.00013376010481
"sol7[32,4]",0.005552131819375,0.000770003598275687,1.00019839038896
"sol7[33,4]",0.00461174943875,0.000788536858260546,1.00022009974428
"sol7[34,4]",0.004386505215625,0.00078370963291901,1.00020408880977
"sol7[35,4]",0.004315056060625,0.000781322003380511,1.00019406012297
"sol7[36,4]",0.004177391399375,0.000775492593654107,1.00018647244045
"sol7[37,4]",0.003983385201875,0.000764405152377681,1.00018413382076
"sol7[38,4]",0.00380346474875,0.000750932183700345,1.00017509426561
"sol7[39,4]",0.003636683829375,0.000735496470815082,1.00016292149771
"sol7[40,4]",0.003482131093125,0.000718477678813238,1.00015662656411
"sol7[41,4]",0.003338939926875,0.000700211510151467,1.00014690269121
"sol7[42,4]",0.003206255861875,0.000681005796175202,1.00014125194086
"sol7[43,4]",0.00308332240125,0.00066111156987341,1.00014431461238
"sol7[44,4]",0.002969402723125,0.000640755775821134,1.00014027630521
"sol7[45,4]",0.002863826116875,0.000620127026502163,1.00013953488925
"sol7[46,4]",0.00276595050375,0.000599392333039984,1.00014429984184
"sol7[47,4]",0.002675181745625,0.000578692356254628,1.00015275796106
"sol7[48,4]",0.0025909696125,0.000558144720998325,1.0001582901578
"sol7[49,4]",0.00235139911875,0.000491869888328663,1.00013483568615
"sol7[1,5]",0.0009005217275,0.000306934931570631,0.999928261839465
"sol7[2,5]",0.0991723526375,0.01594106399785,0.999897519232601
"sol7[3,5]",0.268867920125,0.0278637911983185,0.999882074081194
"sol7[4,5]",0.3690431386875,0.0318460438874974,0.999877171740358
"sol7[5,5]",0.4589471316875,0.0343651163584836,0.999874847107142
"sol7[6,5]",0.6534896523125,0.0376721283928703,0.999876118568464
"sol7[7,5]",0.845544767,0.0392205042301229,0.999886113240462
"sol7[8,5]",0.883312776875,0.0394016122065804,0.999892231935429
"sol7[9,5]",1.0315937936875,0.0398669582347892,0.999980622439016
"sol7[10,5]",1.2097278025,0.0401316439229848,1.00015844217214
"sol7[11,5]",1.37889187875,0.0403392150606861,1.00022160761944
"sol7[12,5]",1.538521555,0.040693895258244,1.0002448598252
"sol7[13,5]",1.688350838125,0.0413169268595707,1.00028140191675
"sol7[14,5]",1.76422041875,0.0417807927703021,1.00021754544583
"sol7[15,5]",1.828302765,0.0422649812851309,1.00019347628476
"sol7[16,5]",1.9584232125,0.0435412577245721,1.00024297713909
"sol7[17,5]",2.07884025375,0.0451060221450553,1.000245728033
"sol7[18,5]",2.18973771125,0.0468889137362296,1.0002939458821
"sol7[19,5]",2.291338135625,0.0488018419400477,1.00022010198122
"sol7[20,5]",2.37206451,0.0504919924648091,1.00022338608714
"sol7[21,5]",2.383891855,0.0507505061101698,1.00020791637109
"sol7[22,5]",2.467669234375,0.0526439120515119,1.00019037968201
"sol7[23,5]",2.542956360625,0.0544010361999882,1.00024464208673
"sol7[24,5]",2.610051565625,0.0559546720253337,1.00021069985459
"sol7[25,5]",2.669263725625,0.0572545203431109,1.00028187054779
"sol7[26,5]",2.720910666875,0.0582674082658192,1.00027725421837
"sol7[27,5]",2.76531806875,0.0589778197995615,1.00030837107872
"sol7[28,5]",2.802818796875,0.0593867548103041,1.00027690773405
"sol7[29,5]",2.83375152625,0.0595107874469786,1.00024443409756
"sol7[30,5]",2.858460186875,0.0593800833798902,1.00024256950206
"sol7[31,5]",2.87729228625,0.0590366293585892,1.00026047333684
"sol7[32,5]",2.89059768625,0.0585315436369279,1.00029659434748
"sol7[33,5]",2.898515945625,0.0563312588518891,1.00038142081235
"sol7[34,5]",2.891137541875,0.055842527336297,1.00031531328137
"sol7[35,5]",2.88785700125,0.0557123262115373,1.00035552533694
"sol7[36,5]",2.880137134375,0.0555104615399495,1.00037297886434
"sol7[37,5]",2.8658391,0.0553732522740602,1.00020591327431
"sol7[38,5]",2.84855805125,0.0554569522998449,1.00015801240167
"sol7[39,5]",2.8285971,0.0557744756659441,1.00013364176514
"sol7[40,5]",2.80624706125,0.0563266094386963,1.00010128237647
"sol7[41,5]",2.781785365625,0.0571028689438536,1.00014460688038
"sol7[42,5]",2.755475395625,0.0580845460103099,1.00013047223073
"sol7[43,5]",2.727565999375,0.0592469265346966,1.0001071695488
"sol7[44,5]",2.698291059375,0.0605623046522589,1.0001001641648
"sol7[45,5]",2.667869465625,0.0620021627326996,1.00002481406665
"sol7[46,5]",2.63650489625,0.0635390525941686,1.00001551501091
"sol7[47,5]",2.60438626125,0.0651475049261991,0.999994901949607
"sol7[48,5]",2.571687835,0.0668053281449508,0.999999426440508
"sol7[49,5]",2.460457155625,0.0724688885815254,1.0001778261433
"sol7[1,6]",-6.90524197440869e-70,8.67609364231073e-68,1.00007286921243
"sol7[2,6]",2.89277886207288e-35,3.48404453359994e-33,1.00004521551042
"sol7[3,6]",8.34370279299947e-28,9.55769002793155e-26,1.00003141005566
"sol7[4,6]",2.14590905574371e-25,2.38027148848882e-23,1.00008677438483
"sol7[5,6]",1.20118001825332e-23,1.27027038317346e-21,1.00002147063208
"sol7[6,6]",8.99769128116831e-21,8.23423490292268e-19,1.00000972835782
"sol7[7,6]",1.385471001321e-18,1.00833429940605e-16,1.00002869576962
"sol7[8,6]",3.34533690874838e-18,2.30000908197043e-16,1.00001887477541
"sol7[9,6]",8.33465873821467e-17,4.41363650557772e-15,0.999987528231188
"sol7[10,6]",2.68447315092209e-15,9.67065489321178e-14,0.999979131505001
"sol7[11,6]",5.44738991268358e-14,1.2951738442569e-12,0.999970476072752
"sol7[12,6]",7.63535979293144e-13,1.20530381833535e-11,0.999963758630759
"sol7[13,6]",7.85384385968181e-12,8.49862297913534e-11,0.999959784538404
"sol7[14,6]",2.43761247119669e-11,2.19646647171609e-10,0.999956751270659
"sol7[15,6]",6.20319971534295e-11,4.81746487092327e-10,0.999954238933773
"sol7[16,6]",3.90010175953562e-10,2.28492953493776e-09,0.99995633788227
"sol7[17,6]",2.00987362970442e-09,9.31184686584747e-09,0.999959699953463
"sol7[18,6]",8.696302216952e-09,3.31973250993594e-08,0.999979911847596
"sol7[19,6]",3.2227910956195e-08,1.04890925097798e-07,1.00001402211281
"sol7[20,6]",8.96393477029006e-08,2.59926722108653e-07,1.00001650503607
"sol7[21,6]",1.04018912599586e-07,2.96794197230791e-07,1.00001621475281
"sol7[22,6]",2.96559996421006e-07,7.58811101362915e-07,1.00001667839674
"sol7[23,6]",7.559420417785e-07,1.76701595520834e-06,1.00003743284098
"sol7[24,6]",1.74099144361288e-06,3.7751581608165e-06,1.00004136209254
"sol7[25,6]",3.65627443666812e-06,7.44941630350865e-06,1.00002335015013
"sol7[26,6]",7.05951940173125e-06,1.36612177644919e-05,1.00002319286794
"sol7[27,6]",1.26244683638875e-05,2.34175750140413e-05,1.00003660437844
"sol7[28,6]",2.10512132193625e-05,3.77253272178684e-05,1.00003834896506
"sol7[29,6]",3.293534445035e-05,5.74099568415546e-05,1.00005657382941
"sol7[30,6]",4.86267829363688e-05,8.29315376415078e-05,1.0000423413057
"sol7[31,6]",6.81188040624125e-05,0.00011424764056324,1.00003811784502
"sol7[32,6]",9.10021863718125e-05,0.000150763328858036,1.00000361625872
"sol7[33,6]",0.000185518491197937,0.000302392074893748,0.99997461402914
"sol7[34,6]",0.000211560430069688,0.000345168956215745,0.999978682867806
"sol7[35,6]",0.000219821451541375,0.000358895366623464,0.99998043054351
"sol7[36,6]",0.000235566052518063,0.000385312279351981,0.999986195704238
"sol7[37,6]",0.000256985470340063,0.000421906175040622,0.999980596452668
"sol7[38,6]",0.000275540055271062,0.00045439670966679,0.999991768638723
"sol7[39,6]",0.000291188528738063,0.000482564149247806,0.999997881912925
"sol7[40,6]",0.00030407213077125,0.000506464962870084,0.999995185623418
"sol7[41,6]",0.0003144535043845,0.000526358681362354,0.99998427501511
"sol7[42,6]",0.000322660367375437,0.000542636074266282,0.999978180814488
"sol7[43,6]",0.000329040109239938,0.000555754681286238,0.999984175266062
"sol7[44,6]",0.000333927540862688,0.000566189106903322,0.999982141286925
"sol7[45,6]",0.000337625017876937,0.000574394584935666,0.999982986343722
"sol7[46,6]",0.000340392850488563,0.000580785799513951,0.999976665982111
"sol7[47,6]",0.000342446778871875,0.000585724545612047,0.999975228384166
"sol7[48,6]",0.000343960378203313,0.000589516926073967,0.999970306237069
"sol7[49,6]",0.000346629631263937,0.000596765420998692,0.999974324505342
"sol9[1,1]",14.831,0,NA
"sol9[2,1]",12.485,0,NA
"sol9[3,1]",10.4511,0,NA
"sol9[4,1]",9.49601,0,NA
"sol9[5,1]",8.72651,0,NA
"sol9[6,1]",7.26421,0,NA
"sol9[7,1]",6.02439,0,NA
"sol9[8,1]",5.80006,0,NA
"sol9[9,1]",4.97328,0,NA
"sol9[10,1]",4.08223,0,NA
"sol9[11,1]",3.32692,0,NA
"sol9[12,1]",2.68675,0,NA
"sol9[13,1]",2.14425,0,NA
"sol9[14,1]",1.88963,0,NA
"sol9[15,1]",1.68457,0,NA
"sol9[16,1]",1.29514,0,NA
"sol9[17,1]",0.965299,0,NA
"sol9[18,1]",0.685994,0,NA
"sol9[19,1]",0.449552,0,NA
"sol9[20,1]",0.274249,0,NA
"sol9[21,1]",0.249463,0,NA
"sol9[22,1]",0.0802065,0,NA
"sol9[23,1]",-0.0629012,0,NA
"sol9[24,1]",-0.183831,0,NA
"sol9[25,1]",-0.285949,0,NA
"sol9[26,1]",-0.372116,0,NA
"sol9[27,1]",-0.444755,0,NA
"sol9[28,1]",-0.505922,0,NA
"sol9[29,1]",-0.557357,0,NA
"sol9[30,1]",-0.600542,0,NA
"sol9[31,1]",-0.63673,0,NA
"sol9[32,1]",-0.666985,0,NA
"sol9[33,1]",-0.738477,0,NA
"sol9[34,1]",-0.751313,0,NA
"sol9[35,1]",-0.755044,0,NA
"sol9[36,1]",-0.76177,0,NA
"sol9[37,1]",-0.770212,0,NA
"sol9[38,1]",-0.776946,0,NA
"sol9[39,1]",-0.782229,0,NA
"sol9[40,1]",-0.786285,0,NA
"sol9[41,1]",-0.789303,0,NA
"sol9[42,1]",-0.791441,0,NA
"sol9[43,1]",-0.792835,0,NA
"sol9[44,1]",-0.793598,0,NA
"sol9[45,1]",-0.793827,0,NA
"sol9[46,1]",-0.793606,0,NA
"sol9[47,1]",-0.793005,0,NA
"sol9[48,1]",-0.792082,0,NA
"sol9[49,1]",-0.787271,0,NA
"sol9[1,2]",30.0964,0,NA
"sol9[2,2]",29.9961,0,NA
"sol9[3,2]",29.8959,0,NA
"sol9[4,2]",29.8423,0,NA
"sol9[5,2]",29.7955,0,NA
"sol9[6,2]",29.695,0,NA
"sol9[7,2]",29.5946,0,NA
"sol9[8,2]",29.5745,0,NA
"sol9[9,2]",29.4942,0,NA
"sol9[10,2]",29.3939,0,NA
"sol9[11,2]",29.2938,0,NA
"sol9[12,2]",29.1939,0,NA
"sol9[13,2]",29.0941,0,NA
"sol9[14,2]",29.041,0,NA
"sol9[15,2]",28.9946,0,NA
"sol9[16,2]",28.8953,0,NA
"sol9[17,2]",28.7962,0,NA
"sol9[18,2]",28.6974,0,NA
"sol9[19,2]",28.5989,0,NA
"sol9[20,2]",28.5138,0,NA
"sol9[21,2]",28.5007,0,NA
"sol9[22,2]",28.4028,0,NA
"sol9[23,2]",28.3052,0,NA
"sol9[24,2]",28.2078,0,NA
"sol9[25,2]",28.1108,0,NA
"sol9[26,2]",28.0141,0,NA
"sol9[27,2]",27.9177,0,NA
"sol9[28,2]",27.8216,0,NA
"sol9[29,2]",27.7259,0,NA
"sol9[30,2]",27.6304,0,NA
"sol9[31,2]",27.5353,0,NA
"sol9[32,2]",27.4405,0,NA
"sol9[33,2]",27.108,0,NA
"sol9[34,2]",27.0147,0,NA
"sol9[35,2]",26.9836,0,NA
"sol9[36,2]",26.9216,0,NA
"sol9[37,2]",26.8289,0,NA
"sol9[38,2]",26.7365,0,NA
"sol9[39,2]",26.6444,0,NA
"sol9[40,2]",26.5526,0,NA
"sol9[41,2]",26.4611,0,NA
"sol9[42,2]",26.37,0,NA
"sol9[43,2]",26.2791,0,NA
"sol9[44,2]",26.1886,0,NA
"sol9[45,2]",26.0984,0,NA
"sol9[46,2]",26.0085,0,NA
"sol9[47,2]",25.9189,0,NA
"sol9[48,2]",25.8296,0,NA
"sol9[49,2]",25.5342,0,NA
"sol9[1,3]",0.0842993,0,NA
"sol9[2,3]",0.102659,0,NA
"sol9[3,3]",0.0877348,0,NA
"sol9[4,3]",0.0807217,0,NA
"sol9[5,3]",0.0750713,0,NA
"sol9[6,3]",0.0643271,0,NA
"sol9[7,3]",0.0552117,0,NA
"sol9[8,3]",0.0535629,0,NA
"sol9[9,3]",0.0474789,0,NA
"sol9[10,3]",0.040918,0,NA
"sol9[11,3]",0.0353503,0,NA
"sol9[12,3]",0.0306254,0,NA
"sol9[13,3]",0.0266163,0,NA
"sol9[14,3]",0.0247327,0,NA
"sol9[15,3]",0.0232141,0,NA
"sol9[16,3]",0.0203259,0,NA
"sol9[17,3]",0.0178729,0,NA
"sol9[18,3]",0.015791,0,NA
"sol9[19,3]",0.0140236,0,NA
"sol9[20,3]",0.0127083,0,NA
"sol9[21,3]",0.0125221,0,NA
"sol9[22,3]",0.0112462,0,NA
"sol9[23,3]",0.0101613,0,NA
"sol9[24,3]",0.00923914,0,NA
"sol9[25,3]",0.00845559,0,NA
"sol9[26,3]",0.00778914,0,NA
"sol9[27,3]",0.00722073,0,NA
"sol9[28,3]",0.00673591,0,NA
"sol9[29,3]",0.00632408,0,NA
"sol9[30,3]",0.00597223,0,NA
"sol9[31,3]",0.00567153,0,NA
"sol9[32,3]",0.00541419,0,NA
"sol9[33,3]",0.00476526,0,NA
"sol9[34,3]",0.00463692,0,NA
"sol9[35,3]",0.00459817,0,NA
"sol9[36,3]",0.0045262,0,NA
"sol9[37,3]",0.00442914,0,NA
"sol9[38,3]",0.00434405,0,NA
"sol9[39,3]",0.00427132,0,NA
"sol9[40,3]",0.00420793,0,NA
"sol9[41,3]",0.00415136,0,NA
"sol9[42,3]",0.00410167,0,NA
"sol9[43,3]",0.00405699,0,NA
"sol9[44,3]",0.00401733,0,NA
"sol9[45,3]",0.00398275,0,NA
"sol9[46,3]",0.00395022,0,NA
"sol9[47,3]",0.00392063,0,NA
"sol9[48,3]",0.00389347,0,NA
"sol9[49,3]",0.00381812,0,NA
"sol9[1,4]",0.0006559313615,0.000257889001763585,1.00015068376314
"sol9[2,4]",0.010469187116875,0.0038576568125933,1.00014925086263
"sol9[3,4]",0.01810815523125,0.00621403055218032,1.0001475077421
"sol9[4,4]",0.021315999220625,0.00703319193731725,1.00014665613079
"sol9[5,4]",0.023698004215,0.00754926581513396,1.00014556264626
"sol9[6,4]",0.027654495499375,0.00814962688023773,1.00014229276938
"sol9[7,4]",0.03031628811625,0.00823187192869129,1.00013869017058
"sol9[8,4]",0.030718479976875,0.00820130645374656,1.00013790075002
"sol9[9,4]",0.031958729903125,0.00795934879897438,1.00013425195033
"sol9[10,4]",0.03280524096125,0.00745442886741308,1.00012846215584
"sol9[11,4]",0.03303664497125,0.00680811834204834,1.00011540425772
"sol9[12,4]",0.0327988472375,0.00608751752895045,1.00012567526907
"sol9[13,4]",0.03220918645,0.00534165479404195,1.00014285416396
"sol9[14,4]",0.03178409631875,0.00494624146176513,1.00014961061037
"sol9[15,4]",0.0313616666375,0.00460609015260574,1.00018174552629
"sol9[16,4]",0.03033123035625,0.0039066132315609,1.00014390881852
"sol9[17,4]",0.029177289825,0.00326233921359781,1.00013660336605
"sol9[18,4]",0.02794658645,0.00268846024227736,1.00019061702406
"sol9[19,4]",0.02667563513125,0.00219882741721431,1.00026642578848
"sol9[20,4]",0.0255635821375,0.0018538338767288,1.00020811961315
"sol9[21,4]",0.02539265505625,0.00180797985121124,1.00014409163985
"sol9[22,4]",0.02411915345,0.00153072987256432,1.00014617955832
"sol9[23,4]",0.02287125286875,0.00137549034178926,1.00023185036205
"sol9[24,4]",0.0216607517625,0.00133237101267688,1.00013097703511
"sol9[25,4]",0.02049600859375,0.00137091694032237,1.00022264985954
"sol9[26,4]",0.0193826702625,0.00145468637477808,1.00016632618148
"sol9[27,4]",0.018324246878125,0.00155525640945795,1.00008400820364
"sol9[28,4]",0.01732255486125,0.00165517271447451,1.00001580787046
"sol9[29,4]",0.01637810246875,0.00174514756707164,0.999951398423536
"sol9[30,4]",0.015490462579375,0.00182085340046614,1.00006126076262
"sol9[31,4]",0.01465844285375,0.00188079297448952,1.0001346711769
"sol9[32,4]",0.013880320011875,0.00192501275278546,1.00019844055819
"sol9[33,4]",0.011529386328125,0.00197133701643494,1.00022046407855
"sol9[34,4]",0.010966273620625,0.00195926965652444,1.00020450409702
"sol9[35,4]",0.010787655816875,0.00195329856645679,1.00019391663056
"sol9[36,4]",0.01044347432625,0.00193873297146204,1.00018672484874
"sol9[37,4]",0.009958437455625,0.00191102252208044,1.00018412811574
"sol9[38,4]",0.009508662988125,0.00187732997026071,1.00017496166794
"sol9[39,4]",0.00909172334,0.00183873640555624,1.00016297073218
"sol9[40,4]",0.0087053358675,0.00179619141393948,1.00015667646197
"sol9[41,4]",0.008347330346875,0.00175053624419858,1.0001468461458
"sol9[42,4]",0.00801563043,0.00170251839534604,1.00014125035751
"sol9[43,4]",0.0077083020225,0.00165278020279722,1.00014443502875
"sol9[44,4]",0.00742351505375,0.00160188634062556,1.00014142539518
"sol9[45,4]",0.007159556793125,0.00155032078994864,1.00013897285977
"sol9[46,4]",0.006914865026875,0.00149848501124747,1.00014349973592
"sol9[47,4]",0.006687946193125,0.00144673385879591,1.00015231510346
"sol9[48,4]",0.006477428675625,0.00139536006839606,1.0001584490341
"sol9[49,4]",0.00587849266375,0.00122967659877418,1.00013476238733
"sol9[1,5]",0.0021259265944375,0.000657721579944041,0.999920482483155
"sol9[2,5]",0.1635517585625,0.0131392411349313,0.999871195879743
"sol9[3,5]",0.39582805975,0.0147856172817693,1.00010444855446
"sol9[4,5]",0.5245015980625,0.0155271753755337,1.00018726199401
"sol9[5,5]",0.6370555133125,0.017301960915162,1.00026523910603
"sol9[6,5]",0.8744125528125,0.0245252465531387,1.00043216095119
"sol9[7,5]",1.103340664625,0.0341063420483459,1.00025862671341
"sol9[8,5]",1.14792297125,0.0361180546157458,1.0002543851805
"sol9[9,5]",1.321940983125,0.0441908856980248,1.00022962102841
"sol9[10,5]",1.529430201875,0.054018273789496,1.00019617647321
"sol9[11,5]",1.725565819375,0.0633152582762385,1.00015967205462
"sol9[12,5]",1.9103893475,0.0720172826323592,1.00012187684888
"sol9[13,5]",2.0840989325,0.0801528251695432,1.00007986420681
"sol9[14,5]",2.172295660625,0.0842827301860473,1.00005530328501
"sol9[15,5]",2.246979048125,0.087788995912289,1.00003680828677
"sol9[16,5]",2.399361029375,0.0950023888718192,0.999997887228911
"sol9[17,5]",2.54159892625,0.101863234807129,0.999962383486107
"sol9[18,5]",2.674055235625,0.108427284751173,0.999934128442706
"sol9[19,5]",2.797091525,0.114731449227596,0.999950535378555
"sol9[20,5]",2.89637845875,0.119999312113784,1.00001945352074
"sol9[21,5]",2.911063581875,0.120793835999565,1.0000366926962
"sol9[22,5]",3.016318388125,0.126615027686282,1.00004793563173
"sol9[23,5]",3.113192829375,0.132181333013452,1.00003617700114
"sol9[24,5]",3.202013299375,0.137468257693685,1.0000505198974
"sol9[25,5]",3.283096478125,0.142444894461551,1.00007453865212
"sol9[26,5]",3.356750038125,0.147077394692196,1.00006797993789
"sol9[27,5]",3.42327384125,0.151332400781781,1.00013781178544
"sol9[28,5]",3.48296164125,0.155179982433795,1.00014975318289
"sol9[29,5]",3.536102075,0.158595685592681,1.00018978026982
"sol9[30,5]",3.582980279375,0.161561944381428,1.00020682179432
"sol9[31,5]",3.623878296875,0.164068869650308,1.00022211546121
"sol9[32,5]",3.659076883125,0.166114630082097,1.0002365897074
"sol9[33,5]",3.741915831875,0.169801653460892,1.00026003516974
"sol9[34,5]",3.754765813125,0.169928738891727,1.00024662986042
"sol9[35,5]",3.7581097575,0.169891255580699,1.00022981060783
"sol9[36,5]",3.763448744375,0.169703728588858,1.00021367166916
"sol9[37,5]",3.768235395,0.169160023759705,1.00023964612266
"sol9[38,5]",3.769393735,0.168332652630873,1.00023663658302
"sol9[39,5]",3.76718703875,0.167257317169355,1.00022498696499
"sol9[40,5]",3.7618732425,0.165969928928799,1.00022086126756
"sol9[41,5]",3.753704248125,0.164505639453821,1.00022124319991
"sol9[42,5]",3.742924624375,0.162898575166984,1.00023563244024
"sol9[43,5]",3.729771034375,0.161181535954129,1.00023373479419
"sol9[44,5]",3.71447145,0.159385556595087,1.0002224095712
"sol9[45,5]",3.697244335625,0.157540105256983,1.00019498864066
"sol9[46,5]",3.6782984375,0.155672620440159,1.00016720437335
"sol9[47,5]",3.657832160625,0.153808664210276,1.00015517124486
"sol9[48,5]",3.636033195,0.151971937936045,1.00009784111358
"sol9[49,5]",3.555937476875,0.146311567127593,1.00002665275829
"sol9[1,6]",-8.00126923062677e-65,1.0095831975209e-62,1.00007154858498
"sol9[2,6]",6.2297677900847e-33,7.62580885990417e-31,1.00003464174853
"sol9[3,6]",4.18424016074229e-26,4.72068235244601e-24,1.000101404946
"sol9[4,6]",9.33283256818473e-24,9.27483273479776e-22,0.999999040680979
"sol9[5,6]",4.082053580828e-22,3.50139561421819e-20,0.999991834926095
"sol9[6,6]",2.64881703375549e-19,1.42348314811663e-17,0.999975323889607
"sol9[7,6]",4.62900291651885e-17,1.32588150773603e-15,0.999962897173097
"sol9[8,6]",1.16545733619759e-16,2.91553044135683e-15,0.99996099936212
"sol9[9,6]",3.4642684023276e-15,5.08979715232377e-14,0.999953394933194
"sol9[10,6]",1.37026442510076e-13,1.1098720559102e-12,0.999998707943341
"sol9[11,6]",3.27635349714205e-12,1.64442407073257e-11,1.00004897746168
"sol9[12,6]",5.22034806817031e-11,1.80454554515291e-10,1.00007555813454
"sol9[13,6]",5.96107559474687e-10,1.52766305880227e-09,1.0001088219067
"sol9[14,6]",1.94425818634625e-09,4.3351947065238e-09,1.00016332998921
"sol9[15,6]",5.15485980252688e-09,1.0263950403694e-08,1.00020239164805
"sol9[16,6]",3.52256054581875e-08,5.61716480352097e-08,1.00024564381746
"sol9[17,6]",1.96699730323125e-07,2.56422248816655e-07,1.00026280846773
"sol9[18,6]",9.219925474125e-07,9.96769551784586e-07,1.00026225287015
"sol9[19,6]",3.70782679800625e-06,3.35719663519175e-06,1.00032111385385
"sol9[20,6]",1.1096671982625e-05,8.66095149201862e-06,1.00030728884114
"sol9[21,6]",1.3025794565375e-05,9.93992398652457e-06,1.00030044419396
"sol9[22,6]",4.057867619125e-05,2.618456393547e-05,1.00026296505813
"sol9[23,6]",0.0001135206725875,6.19941935546524e-05,1.00024684666781
"sol9[24,6]",0.00028824743558125,0.000133052436828884,1.00021999992764
"sol9[25,6]",0.000670354570875,0.000260785029208248,1.00027357960797
"sol9[26,6]",0.0014389658146875,0.000469911552706985,1.00028076830487
"sol9[27,6]",0.0028699865931875,0.000783345853055239,1.00032007517082
"sol9[28,6]",0.0053489807375,0.00121583103758765,1.00036303662883
"sol9[29,6]",0.009362294286875,0.00176930709483432,1.00025212248272
"sol9[30,6]",0.015457169245,0.00243306533447955,1.00018111318625
"sol9[31,6]",0.02416935519375,0.00318915555734388,1.00032187576209
"sol9[32,6]",0.035928771075,0.00401927532365071,1.00030922697165
"sol9[33,6]",0.10272973446875,0.00722462144166874,1.00013373539284
"sol9[34,6]",0.12719302330625,0.00802056549939595,1.000229778394
"sol9[35,6]",0.135640641875,0.00824875567867735,1.00030635416563
"sol9[36,6]",0.1527873544375,0.00863126686887833,1.00030794148784
"sol9[37,6]",0.1786736126875,0.00898234554530552,1.0002752385579
"sol9[38,6]",0.2040753266875,0.00902693073284692,1.0002603346248
"sol9[39,6]",0.228341221875,0.00875986685836934,1.00030187726641
"sol9[40,6]",0.2509780975625,0.0082268204126154,1.0003378892005
"sol9[41,6]",0.2716572326875,0.00753204986215502,1.00039661979247
"sol9[42,6]",0.2902016835625,0.00684732170734223,1.00022347027792
"sol9[43,6]",0.306562279625,0.00640861310249171,1.00012658431682
"sol9[44,6]",0.320789145125,0.006450181727553,1.00001960619239
"sol9[45,6]",0.3330034073125,0.00706316206449391,1.00017081707272
"sol9[46,6]",0.343371971875,0.00814404182652346,1.00019952276312
"sol9[47,6]",0.352086561125,0.00951012240660053,1.00024723510308
"sol9[48,6]",0.359347532625,0.0110051914195902,1.00034168957384
"sol9[49,6]",0.37548766325,0.0158313820437703,1.00037926705314
"z_DD7[1]",0.3690431386875,0.0318460438874974,0.999877171740358
"z_DD7[2]",0.883312776875,0.0394016122065804,0.999892231935429
"z_DD7[3]",1.76422041875,0.0417807927703021,1.00021754544583
"z_DD7[4]",2.37206451,0.0504919924648091,1.00022338608714
"z_DD7[5]",2.88785700125,0.0557123262115373,1.00035552533694
"z_DD7[6]",2.460457155625,0.0724688885815254,1.0001778261433
"z_NEC7[1]",-6.90524197440869e-70,8.67609364231073e-68,1.00007286921243
"z_NEC7[2]",2.89277886207288e-35,3.48404453359994e-33,1.00004521551042
"z_NEC7[3]",8.34370279299947e-28,9.55769002793155e-26,1.00003141005566
"z_NEC7[4]",1.20118001825332e-23,1.27027038317346e-21,1.00002147063208
"z_NEC7[5]",8.99769128116831e-21,8.23423490292268e-19,1.00000972835782
"z_NEC7[6]",1.385471001321e-18,1.00833429940605e-16,1.00002869576962
"z_NEC7[7]",8.33465873821467e-17,4.41363650557772e-15,0.999987528231188
"z_NEC7[8]",2.68447315092209e-15,9.67065489321178e-14,0.999979131505001
"z_NEC7[9]",5.44738991268358e-14,1.2951738442569e-12,0.999970476072752
"z_NEC7[10]",7.63535979293144e-13,1.20530381833535e-11,0.999963758630759
"z_NEC7[11]",7.85384385968181e-12,8.49862297913534e-11,0.999959784538404
"z_NEC7[12]",6.20319971534295e-11,4.81746487092327e-10,0.999954238933773
"z_NEC7[13]",3.90010175953562e-10,2.28492953493776e-09,0.99995633788227
"z_NEC7[14]",2.00987362970442e-09,9.31184686584747e-09,0.999959699953463
"z_NEC7[15]",8.696302216952e-09,3.31973250993594e-08,0.999979911847596
"z_NEC7[16]",3.2227910956195e-08,1.04890925097798e-07,1.00001402211281
"z_NEC7[17]",1.04018912599586e-07,2.96794197230791e-07,1.00001621475281
"z_NEC7[18]",2.96559996421006e-07,7.58811101362915e-07,1.00001667839674
"z_NEC7[19]",7.559420417785e-07,1.76701595520834e-06,1.00003743284098
"z_NEC7[20]",1.74099144361288e-06,3.7751581608165e-06,1.00004136209254
"z_NEC7[21]",3.65627443666812e-06,7.44941630350865e-06,1.00002335015013
"z_NEC7[22]",7.05951940173125e-06,1.36612177644919e-05,1.00002319286794
"z_NEC7[23]",1.26244683638875e-05,2.34175750140413e-05,1.00003660437844
"z_NEC7[24]",2.10512132193625e-05,3.77253272178684e-05,1.00003834896506
"z_NEC7[25]",3.293534445035e-05,5.74099568415546e-05,1.00005657382941
"z_NEC7[26]",4.86267829363688e-05,8.29315376415078e-05,1.0000423413057
"z_NEC7[27]",6.81188040624125e-05,0.00011424764056324,1.00003811784502
"z_NEC7[28]",9.10021863718125e-05,0.000150763328858036,1.00000361625872
"z_NEC7[29]",0.000185518491197937,0.000302392074893748,0.99997461402914
"z_NEC7[30]",0.000211560430069688,0.000345168956215745,0.999978682867806
"z_NEC7[31]",0.000235566052518063,0.000385312279351981,0.999986195704238
"z_NEC7[32]",0.000256985470340063,0.000421906175040622,0.999980596452668
"z_NEC7[33]",0.000275540055271062,0.00045439670966679,0.999991768638723
"z_NEC7[34]",0.000291188528738063,0.000482564149247806,0.999997881912925
"z_NEC7[35]",0.00030407213077125,0.000506464962870084,0.999995185623418
"z_NEC7[36]",0.0003144535043845,0.000526358681362354,0.99998427501511
"z_NEC7[37]",0.000322660367375437,0.000542636074266282,0.999978180814488
"z_NEC7[38]",0.000329040109239938,0.000555754681286238,0.999984175266062
"z_NEC7[39]",0.000333927540862688,0.000566189106903322,0.999982141286925
"z_NEC7[40]",0.000337625017876937,0.000574394584935666,0.999982986343722
"z_NEC7[41]",0.000340392850488563,0.000580785799513951,0.999976665982111
"z_NEC7[42]",0.000342446778871875,0.000585724545612047,0.999975228384166
"z_NEC7[43]",0.000343960378203313,0.000589516926073967,0.999970306237069
"z_DD9[1]",0.5245015980625,0.0155271753755337,1.00018726199401
"z_DD9[2]",1.14792297125,0.0361180546157458,1.0002543851805
"z_DD9[3]",2.172295660625,0.0842827301860473,1.00005530328501
"z_DD9[4]",2.89637845875,0.119999312113784,1.00001945352074
"z_DD9[5]",3.7581097575,0.169891255580699,1.00022981060783
"z_DD9[6]",3.555937476875,0.146311567127593,1.00002665275829
"z_NEC9[1]",-8.00126923062677e-65,1.0095831975209e-62,1.00007154858498
"z_NEC9[2]",6.2297677900847e-33,7.62580885990417e-31,1.00003464174853
"z_NEC9[3]",4.18424016074229e-26,4.72068235244601e-24,1.000101404946
"z_NEC9[4]",4.082053580828e-22,3.50139561421819e-20,0.999991834926095
"z_NEC9[5]",2.64881703375549e-19,1.42348314811663e-17,0.999975323889607
"z_NEC9[6]",4.62900291651885e-17,1.32588150773603e-15,0.999962897173097
"z_NEC9[7]",3.4642684023276e-15,5.08979715232377e-14,0.999953394933194
"z_NEC9[8]",1.37026442510076e-13,1.1098720559102e-12,0.999998707943341
"z_NEC9[9]",3.27635349714205e-12,1.64442407073257e-11,1.00004897746168
"z_NEC9[10]",5.22034806817031e-11,1.80454554515291e-10,1.00007555813454
"z_NEC9[11]",5.96107559474687e-10,1.52766305880227e-09,1.0001088219067
"z_NEC9[12]",5.15485980252688e-09,1.0263950403694e-08,1.00020239164805
"z_NEC9[13]",3.52256054581875e-08,5.61716480352097e-08,1.00024564381746
"z_NEC9[14]",1.96699730323125e-07,2.56422248816655e-07,1.00026280846773
"z_NEC9[15]",9.219925474125e-07,9.96769551784586e-07,1.00026225287015
"z_NEC9[16]",3.70782679800625e-06,3.35719663519175e-06,1.00032111385385
"z_NEC9[17]",1.3025794565375e-05,9.93992398652457e-06,1.00030044419396
"z_NEC9[18]",4.057867619125e-05,2.618456393547e-05,1.00026296505813
"z_NEC9[19]",0.0001135206725875,6.19941935546524e-05,1.00024684666781
"z_NEC9[20]",0.00028824743558125,0.000133052436828884,1.00021999992764
"z_NEC9[21]",0.000670354570875,0.000260785029208248,1.00027357960797
"z_NEC9[22]",0.0014389658146875,0.000469911552706985,1.00028076830487
"z_NEC9[23]",0.0028699865931875,0.000783345853055239,1.00032007517082
"z_NEC9[24]",0.0053489807375,0.00121583103758765,1.00036303662883
"z_NEC9[25]",0.009362294286875,0.00176930709483432,1.00025212248272
"z_NEC9[26]",0.015457169245,0.00243306533447955,1.00018111318625
"z_NEC9[27]",0.02416935519375,0.00318915555734388,1.00032187576209
"z_NEC9[28]",0.035928771075,0.00401927532365071,1.00030922697165
"z_NEC9[29]",0.10272973446875,0.00722462144166874,1.00013373539284
"z_NEC9[30]",0.12719302330625,0.00802056549939595,1.000229778394
"z_NEC9[31]",0.1527873544375,0.00863126686887833,1.00030794148784
"z_NEC9[32]",0.1786736126875,0.00898234554530552,1.0002752385579
"z_NEC9[33]",0.2040753266875,0.00902693073284692,1.0002603346248
"z_NEC9[34]",0.228341221875,0.00875986685836934,1.00030187726641
"z_NEC9[35]",0.2509780975625,0.0082268204126154,1.0003378892005
"z_NEC9[36]",0.2716572326875,0.00753204986215502,1.00039661979247
"z_NEC9[37]",0.2902016835625,0.00684732170734223,1.00022347027792
"z_NEC9[38]",0.306562279625,0.00640861310249171,1.00012658431682
"z_NEC9[39]",0.320789145125,0.006450181727553,1.00001960619239
"z_NEC9[40]",0.3330034073125,0.00706316206449391,1.00017081707272
"z_NEC9[41]",0.343371971875,0.00814404182652346,1.00019952276312
"z_NEC9[42]",0.352086561125,0.00951012240660053,1.00024723510308
"z_NEC9[43]",0.359347532625,0.0110051914195902,1.00034168957384
"logLikelihood_dd7[1]",1.02799505610119,0.35220881591548,0.999887703709862
"logLikelihood_dd7[2]",-1.144888561,0.245191947150925,0.999942883563841
"logLikelihood_dd7[3]",0.362341382309375,0.0400565436640918,1.00026373026559
"logLikelihood_dd7[4]",-1.39626615563125,0.281856023771322,1.00027361992091
"logLikelihood_dd7[5]",1.36834044614669,0.800352088946769,1.00017030523132
"logLikelihood_dd7[6]",-0.105970721251306,0.25289005985106,1.00023773375798
"logLikelihood_cd7[1]",2.139655274375,0.0131077112978653,1.00082196773071
"logLikelihood_cd7[2]",2.18826691625,0.0131671039504569,1.0008223774573
"logLikelihood_cd7[3]",2.195264838125,0.0132322805239417,1.00082822265436
"logLikelihood_cd7[4]",2.23777074375,0.0134667952626173,1.00082881558574
"logLikelihood_cd7[5]",2.30701987875,0.0144529677480991,1.00082845705262
"logLikelihood_cd7[6]",2.360566044375,0.0156065107505776,1.00083007350338
"logLikelihood_cd7[7]",2.371061979375,0.0168831531808977,1.00082812973159
"logLikelihood_cd7[8]",2.312997819375,0.0167944118419772,1.00082665923911
"logLikelihood_cd7[9]",2.319524838125,0.0177811659299288,1.00082496564217
"logLikelihood_cd7[10]",2.359585966875,0.0177596406190366,1.00082714643732
"logLikelihood_cd7[11]",2.526718804375,0.0190718520383573,1.00082995787315
"logLikelihood_cd7[12]",2.5584805275,0.0193727754551599,1.00082508773529
"logLikelihood_cd7[13]",2.54447900625,0.0202879665158696,1.00082837094266
"logLikelihood_cd7[14]",2.56977870625,0.0206095519199377,1.00082616385893
"logLikelihood_cd7[15]",2.459978340625,0.0227982394758438,1.00082590394103
"logLikelihood_cd7[16]",2.583408046875,0.0224858915233286,1.00082658936761
"logLikelihood_cd7[17]",2.54792892125,0.0239574427848706,1.0008233696063
"logLikelihood_cd7[18]",2.63831875625,0.0240111933827968,1.00081040560375
"logLikelihood_cd7[19]",2.81829488125,0.0222597103326257,1.00081712544979
"logLikelihood_cd7[20]",2.7919221975,0.0215662734293699,1.00080403764817
"logLikelihood_cd7[21]",2.9095550025,0.0227800821206012,1.00078665290473
"logLikelihood_cd7[22]",2.979690145,0.0213346961876731,1.00077499634731
"logLikelihood_cd7[23]",2.9907338525,0.0226232882536217,1.00077270495611
"logLikelihood_cd7[24]",3.0217206875,0.0181259869552678,1.00073707657557
"logLikelihood_cd7[25]",3.08900806375,0.0208807410275606,1.0005809457459
"logLikelihood_cd7[26]",3.03139397875,0.0176206656059887,1.0005833916165
"logLikelihood_cd7[27]",2.878555385625,0.0179934225688799,1.00057177092507
"logLikelihood_cd7[28]",2.888236273125,0.0181938220514329,1.00056050382453
"logLikelihood_cd7[29]",3.083133750625,0.0181719074828541,1.00036288804107
"logLikelihood_cd7[30]",3.069373196875,0.0178571759033853,1.00033237937015
"logLikelihood_cd7[31]",3.05367114875,0.0161195848820285,1.00036872455928
"logLikelihood_cd7[32]",2.79252966,0.016100380750177,1.0004484952539
"logLikelihood_cd7[33]",2.745471921875,0.0149893316313326,1.00050731126459
"logLikelihood_cd7[34]",2.81264558125,0.0166513227559102,1.00031773693587
"logLikelihood_cd7[35]",2.719829200625,0.0163094495749807,1.00036640688223
"logLikelihood_cd7[36]",2.837713930625,0.0164985347268915,1.00032242037305
"logLikelihood_cd7[37]",2.988467018125,0.0159817060790689,1.00031658329138
"logLikelihood_cd7[38]",2.97882146,0.0135180607282911,1.00065679205169
"logLikelihood_cd7[39]",2.74766166375,0.0132552390403592,1.00082983081497
"logLikelihood_cd7[40]",2.898229180625,0.0134937739149683,1.00077323767319
"logLikelihood_cd7[41]",2.852467944375,0.0135368963518538,1.00077591883799
"logLikelihood_cd7[42]",2.781690704375,0.0149424706880086,1.00050612653338
"logLikelihood_cd7[43]",2.79122413875,0.0151500502419842,1.00049849068528
"logLikelihood_dd9[1]",2.72258757388812,0.712205730655916,1.00048436712994
"logLikelihood_dd9[2]",-1.5212255965,0.137666287679975,1.00026234097042
"logLikelihood_dd9[3]",-0.485588373948875,1.1411278509385,1.00005985339003
"logLikelihood_dd9[4]",-0.0157544870374569,1.2937614804399,0.999981036474077
"logLikelihood_dd9[5]",-1.853039240943,1.14426806334646,1.00021189215152
"logLikelihood_dd9[6]",-0.816627279641,1.86282770936981,1.00001082728541
"logLikelihood_cd9[1]",2.303260210625,0.0237968685798999,1.00082443604112
"logLikelihood_cd9[2]",2.1822075975,0.0248755789222515,1.00082516302818
"logLikelihood_cd9[3]",2.21584869375,0.024883762885357,1.0008283588988
"logLikelihood_cd9[4]",2.179700470625,0.024913745152844,1.00082572630498
"logLikelihood_cd9[5]",2.185715104375,0.0249207385489921,1.00082887461128
"logLikelihood_cd9[6]",2.217475656875,0.0249210105135472,1.00083101461739
"logLikelihood_cd9[7]",2.225622915,0.0248900435321428,1.00082604078208
"logLikelihood_cd9[8]",2.22709483625,0.024753886684313,1.00082965862599
"logLikelihood_cd9[9]",2.227683975,0.0247682836764912,1.00083062569414
"logLikelihood_cd9[10]",2.280602000625,0.0248069092631055,1.00082572136887
"logLikelihood_cd9[11]",2.362932286875,0.0247707019787235,1.00082977975839
"logLikelihood_cd9[12]",2.469082588125,0.0249245439003084,1.00082560658645
"logLikelihood_cd9[13]",2.468452191875,0.0249240473829604,1.00082963516386
"logLikelihood_cd9[14]",2.5036560725,0.0248359006256012,1.00082178101181
"logLikelihood_cd9[15]",2.429485119375,0.0248409285251956,1.00081456027977
"logLikelihood_cd9[16]",2.5858856225,0.0248527212279565,1.000795017868
"logLikelihood_cd9[17]",2.58538404,0.0246726215010005,1.00076009914063
"logLikelihood_cd9[18]",2.691264125,0.0249682380326241,1.00081029640352
"logLikelihood_cd9[19]",2.9739408775,0.0252237123245956,1.00068709319122
"logLikelihood_cd9[20]",3.05272221375,0.0260066092435093,1.00041615403398
"logLikelihood_cd9[21]",3.29896192375,0.0463199581852367,1.0004623855079
"logLikelihood_cd9[22]",3.667851023125,0.0588140980098927,1.0003823489732
"logLikelihood_cd9[23]",3.264243591875,0.313631315262043,1.00031514914095
"logLikelihood_cd9[24]",4.071427024375,0.168738478280423,1.0002974085096
"logLikelihood_cd9[25]",4.23110289,0.369398752351998,1.00019228436246
"logLikelihood_cd9[26]",4.025876875,0.170175606365078,1.00025405284089
"logLikelihood_cd9[27]",3.4158257675,0.160036858246462,1.00023437198421
"logLikelihood_cd9[28]",3.092799924375,0.0787613422616242,1.00040151325824
"logLikelihood_cd9[29]",2.61035145625,0.138176025336038,1.00003006203063
"logLikelihood_cd9[30]",2.509943480625,0.0970793652035579,1.0002141222806
"logLikelihood_cd9[31]",2.36158271625,0.0725813687785326,1.00032320914482
"logLikelihood_cd9[32]",2.395359521875,0.0638793620372303,1.00022261229278
"logLikelihood_cd9[33]",2.448789455625,0.0711154180297072,1.00023684692636
"logLikelihood_cd9[34]",2.542512105625,0.0805849796972559,1.00038115891917
"logLikelihood_cd9[35]",2.493662620625,0.0787598267770168,1.00014860507028
"logLikelihood_cd9[36]",2.71054776375,0.0899855542801059,1.00019337485955
"logLikelihood_cd9[37]",2.61674112,0.0611480817955666,1.00029190763572
"logLikelihood_cd9[38]",2.816480241875,0.0937258523538074,1.00020070893655
"logLikelihood_cd9[39]",3.16287636125,0.200727999905827,1.00026757894504
"logLikelihood_cd9[40]",3.033358579375,0.150875965287449,1.00005672439796
"logLikelihood_cd9[41]",2.86469682625,0.156855973354981,1.00018670838478
"logLikelihood_cd9[42]",2.71446560375,0.135174391998868,1.0003765498775
"logLikelihood_cd9[43]",2.55657067,0.136792630376316,1.00042698295822
"logLikelihood_total7[1]",2.139655274375,0.0131077112978653,1.00082196773071
"logLikelihood_total7[2]",2.18826691625,0.0131671039504569,1.0008223774573
"logLikelihood_total7[3]",2.195264838125,0.0132322805239417,1.00082822265436
"logLikelihood_total7[4]",1.02799505610119,0.35220881591548,0.999887703709862
"logLikelihood_total7[5]",2.23777074375,0.0134667952626173,1.00082881558574
"logLikelihood_total7[6]",2.30701987875,0.0144529677480991,1.00082845705262
"logLikelihood_total7[7]",2.360566044375,0.0156065107505776,1.00083007350338
"logLikelihood_total7[8]",-1.144888561,0.245191947150925,0.999942883563841
"logLikelihood_total7[9]",2.371061979375,0.0168831531808977,1.00082812973159
"logLikelihood_total7[10]",2.312997819375,0.0167944118419772,1.00082665923911
"logLikelihood_total7[11]",2.319524838125,0.0177811659299288,1.00082496564217
"logLikelihood_total7[12]",2.359585966875,0.0177596406190366,1.00082714643732
"logLikelihood_total7[13]",2.526718804375,0.0190718520383573,1.00082995787315
"logLikelihood_total7[14]",0.362341382309375,0.0400565436640918,1.00026373026559
"logLikelihood_total7[15]",2.5584805275,0.0193727754551599,1.00082508773529
"logLikelihood_total7[16]",2.54447900625,0.0202879665158696,1.00082837094266
"logLikelihood_total7[17]",2.56977870625,0.0206095519199377,1.00082616385893
"logLikelihood_total7[18]",2.459978340625,0.0227982394758438,1.00082590394103
"logLikelihood_total7[19]",2.583408046875,0.0224858915233286,1.00082658936761
"logLikelihood_total7[20]",-1.39626615563125,0.281856023771322,1.00027361992091
"logLikelihood_total7[21]",2.54792892125,0.0239574427848706,1.0008233696063
"logLikelihood_total7[22]",2.63831875625,0.0240111933827968,1.00081040560375
"logLikelihood_total7[23]",2.81829488125,0.0222597103326257,1.00081712544979
"logLikelihood_total7[24]",2.7919221975,0.0215662734293699,1.00080403764817
"logLikelihood_total7[25]",2.9095550025,0.0227800821206012,1.00078665290473
"logLikelihood_total7[26]",2.979690145,0.0213346961876731,1.00077499634731
"logLikelihood_total7[27]",2.9907338525,0.0226232882536217,1.00077270495611
"logLikelihood_total7[28]",3.0217206875,0.0181259869552678,1.00073707657557
"logLikelihood_total7[29]",3.08900806375,0.0208807410275606,1.0005809457459
"logLikelihood_total7[30]",3.03139397875,0.0176206656059887,1.0005833916165
"logLikelihood_total7[31]",2.878555385625,0.0179934225688799,1.00057177092507
"logLikelihood_total7[32]",2.888236273125,0.0181938220514329,1.00056050382453
"logLikelihood_total7[33]",3.083133750625,0.0181719074828541,1.00036288804107
"logLikelihood_total7[34]",3.069373196875,0.0178571759033853,1.00033237937015
"logLikelihood_total7[35]",1.36834044614669,0.800352088946769,1.00017030523132
"logLikelihood_total7[36]",3.05367114875,0.0161195848820285,1.00036872455928
"logLikelihood_total7[37]",2.79252966,0.016100380750177,1.0004484952539
"logLikelihood_total7[38]",2.745471921875,0.0149893316313326,1.00050731126459
"logLikelihood_total7[39]",2.81264558125,0.0166513227559102,1.00031773693587
"logLikelihood_total7[40]",2.719829200625,0.0163094495749807,1.00036640688223
"logLikelihood_total7[41]",2.837713930625,0.0164985347268915,1.00032242037305
"logLikelihood_total7[42]",2.988467018125,0.0159817060790689,1.00031658329138
"logLikelihood_total7[43]",2.97882146,0.0135180607282911,1.00065679205169
"logLikelihood_total7[44]",2.74766166375,0.0132552390403592,1.00082983081497
"logLikelihood_total7[45]",2.898229180625,0.0134937739149683,1.00077323767319
"logLikelihood_total7[46]",2.852467944375,0.0135368963518538,1.00077591883799
"logLikelihood_total7[47]",2.781690704375,0.0149424706880086,1.00050612653338
"logLikelihood_total7[48]",2.79122413875,0.0151500502419842,1.00049849068528
"logLikelihood_total7[49]",-0.105970721251306,0.25289005985106,1.00023773375798
"logLikelihood_total9[1]",2.303260210625,0.0237968685798999,1.00082443604112
"logLikelihood_total9[2]",2.1822075975,0.0248755789222515,1.00082516302818
"logLikelihood_total9[3]",2.21584869375,0.024883762885357,1.0008283588988
"logLikelihood_total9[4]",2.72258757388812,0.712205730655916,1.00048436712994
"logLikelihood_total9[5]",2.179700470625,0.024913745152844,1.00082572630498
"logLikelihood_total9[6]",2.185715104375,0.0249207385489921,1.00082887461128
"logLikelihood_total9[7]",2.217475656875,0.0249210105135472,1.00083101461739
"logLikelihood_total9[8]",-1.5212255965,0.137666287679975,1.00026234097042
"logLikelihood_total9[9]",2.225622915,0.0248900435321428,1.00082604078208
"logLikelihood_total9[10]",2.22709483625,0.024753886684313,1.00082965862599
"logLikelihood_total9[11]",2.227683975,0.0247682836764912,1.00083062569414
"logLikelihood_total9[12]",2.280602000625,0.0248069092631055,1.00082572136887
"logLikelihood_total9[13]",2.362932286875,0.0247707019787235,1.00082977975839
"logLikelihood_total9[14]",-0.485588373948875,1.1411278509385,1.00005985339003
"logLikelihood_total9[15]",2.469082588125,0.0249245439003084,1.00082560658645
"logLikelihood_total9[16]",2.468452191875,0.0249240473829604,1.00082963516386
"logLikelihood_total9[17]",2.5036560725,0.0248359006256012,1.00082178101181
"logLikelihood_total9[18]",2.429485119375,0.0248409285251956,1.00081456027977
"logLikelihood_total9[19]",2.5858856225,0.0248527212279565,1.000795017868
"logLikelihood_total9[20]",-0.0157544870374569,1.2937614804399,0.999981036474077
"logLikelihood_total9[21]",2.58538404,0.0246726215010005,1.00076009914063
"logLikelihood_total9[22]",2.691264125,0.0249682380326241,1.00081029640352
"logLikelihood_total9[23]",2.9739408775,0.0252237123245956,1.00068709319122
"logLikelihood_total9[24]",3.05272221375,0.0260066092435093,1.00041615403398
"logLikelihood_total9[25]",3.29896192375,0.0463199581852367,1.0004623855079
"logLikelihood_total9[26]",3.667851023125,0.0588140980098927,1.0003823489732
"logLikelihood_total9[27]",3.264243591875,0.313631315262043,1.00031514914095
"logLikelihood_total9[28]",4.071427024375,0.168738478280423,1.0002974085096
"logLikelihood_total9[29]",4.23110289,0.369398752351998,1.00019228436246
"logLikelihood_total9[30]",4.025876875,0.170175606365078,1.00025405284089
"logLikelihood_total9[31]",3.4158257675,0.160036858246462,1.00023437198421
"logLikelihood_total9[32]",3.092799924375,0.0787613422616242,1.00040151325824
"logLikelihood_total9[33]",2.61035145625,0.138176025336038,1.00003006203063
"logLikelihood_total9[34]",2.509943480625,0.0970793652035579,1.0002141222806
"logLikelihood_total9[35]",-1.853039240943,1.14426806334646,1.00021189215152
"logLikelihood_total9[36]",2.36158271625,0.0725813687785326,1.00032320914482
"logLikelihood_total9[37]",2.395359521875,0.0638793620372303,1.00022261229278
"logLikelihood_total9[38]",2.448789455625,0.0711154180297072,1.00023684692636
"logLikelihood_total9[39]",2.542512105625,0.0805849796972559,1.00038115891917
"logLikelihood_total9[40]",2.493662620625,0.0787598267770168,1.00014860507028
"logLikelihood_total9[41]",2.71054776375,0.0899855542801059,1.00019337485955
"logLikelihood_total9[42]",2.61674112,0.0611480817955666,1.00029190763572
"logLikelihood_total9[43]",2.816480241875,0.0937258523538074,1.00020070893655
"logLikelihood_total9[44]",3.16287636125,0.200727999905827,1.00026757894504
"logLikelihood_total9[45]",3.033358579375,0.150875965287449,1.00005672439796
"logLikelihood_total9[46]",2.86469682625,0.156855973354981,1.00018670838478
"logLikelihood_total9[47]",2.71446560375,0.135174391998868,1.0003765498775
"logLikelihood_total9[48]",2.55657067,0.136792630376316,1.00042698295822
"logLikelihood_total9[49]",-0.816627279641,1.86282770936981,1.00001082728541
